element_nr,grund,strassenname
44530034_44530053.02,Tunnel Tiergarten: Kfz-Tunnel ohne Radverkehr,"Tunnel Tiergarten Einfahrt Reichpietschufer"
44530051_44530034.02,Tunnel Tiergarten: Kfz-Tunnel ohne Radverkehr,"Tunnel Tiergarten Ausfahrt Reichpietschufer"
44530052_44540050.02,Tunnel Tiergarten: Kfz-Tunnel ohne Radverkehr,"Tunnel Tiergarten Hauptfb zw Aus- u Einf Sony VSZ"
44530053_44530052.02,Tunnel Tiergarten: Kfz-Tunnel ohne Radverkehr,"Tunnel Tiergarten Hauptfb zw Ausf VSZ DB u Ausf Sony VSZ"
44540024_44540049.02,Tunnel Tiergarten: Kfz-Tunnel ohne Radverkehr,"Tunnel Tiergarten Einfahrt Kemper Platz"
44540048_44530051.02,Tunnel Tiergarten: Kfz-Tunnel ohne Radverkehr,"Tunnel Tiergarten Hauptfb zw Ausf Kemper Platz u Einf VSZ DB"
44540048_44540024.02,Tunnel Tiergarten: Kfz-Tunnel ohne Radverkehr,"Tunnel Tiergarten Ausfahrt Kemper Platz"
44540049_44550045.02,Tunnel Tiergarten: Kfz-Tunnel ohne Radverkehr,"TunnelTierg Hauptfb zw Einf Kemper Platz u Ausf Invalidenstr"
44540050_44540049.02,Tunnel Tiergarten: Kfz-Tunnel ohne Radverkehr,"Tunnel Tiergarten Hauptfb zw Sony VSZ u Einf Kemper Platz"
44550039_44550043.02,Tunnel Tiergarten: Kfz-Tunnel ohne Radverkehr,"Tunnel Tierg Hauptfb Zw Einf Heidestr. U Einf Invalidenstr."
44550040_44550043.02,Tunnel Tiergarten: Kfz-Tunnel ohne Radverkehr,"Tunnel Tiergarten Einfahrt Invalidenstr."
44550043_44540048.02,Tunnel Tiergarten: Kfz-Tunnel ohne Radverkehr,"TunnelTierg Hauptfb zw Einf Invalidenstr u Ausf Kemper Platz"
44550044_44550037.02,Tunnel Tiergarten: Kfz-Tunnel ohne Radverkehr,"TunnelTierg Hfb ZwEinf Tiefgarage LehrterBhf U Ausf Heidestr"
44550045_44550038.02,Tunnel Tiergarten: Kfz-Tunnel ohne Radverkehr,"Tunnel Tiergarten Ausfahrt Invalidenstr."
44550045_44550044.02,Tunnel Tiergarten: Kfz-Tunnel ohne Radverkehr,"Tunnel Tiergarten Hfb zw Aus- u Einf Tiefgarage Lehrter Bhf"
40580017_39580016.01,Autobahn-Ausfahrt (im Detailnetz nicht als Autobahn geführt),"111 AS Kurt-Schumacher-Damm Ausf n Kurt-Schum-D"
53440031_54440038.01,Zubringer: führt nur zur Autobahn-Anschlussstelle Adlershof (A 113),"Ernst-Ruska-Ufer"
53440032_53440031.01,Zubringer: führt nur zur Autobahn-Anschlussstelle Adlershof (A 113),"Ernst-Ruska-Ufer"
53490017_54490002.01,"Parallele Kanten im Radergänzungsnetz ersetzen diese Kante: 54490002_54490014.01, 54490014_53490017.01, 53490017_54490001.02, 54490001_54490002.02","An der Wuhlheide"
